[{"x": 37.8681313, "y": -122.2565107, "name": "Babette", "cluster": 0, "weight": 5.0}, {"x": 37.86788, "y": -122.2595134, "name": "Sun Hong Kong Restaurant", "cluster": 0, "weight": 4.5}, {"x": 37.8680531, "y": -122.2580151, "name": "Bear's Ramen House", "cluster": 0, "weight": 4.5}, {"x": 37.867768, "y": -122.2581978, "name": "Peking Express", "cluster": 0, "weight": 4.5}, {"x": 37.8701853, "y": -122.2658691, "name": "Punjabi By Nature", "cluster": 1, "weight": 4.0}, {"x": 37.8705337, "y": -122.2663047, "name": "La Cascada Taqueria", "cluster": 1, "weight": 4.0}, {"x": 37.8698214, "y": -122.2659885, "name": "Saturn Cafe", "cluster": 1, "weight": 4.5}, {"x": 37.8704977, "y": -122.2666688, "name": "Cafe Rio", "cluster": 1, "weight": 4.5}, {"x": 37.8754083, "y": -122.2601952, "name": "Nefeli Caffe", "cluster": 2, "weight": 4.5}, {"x": 37.8680781, "y": -122.2579783, "name": "Durant Square - Asian Ghetto", "cluster": 0, "weight": 4.5}, {"x": 37.8759615, "y": -122.2602981, "name": "Jasmine Thai", "cluster": 2, "weight": 4.0}, {"x": 37.8752327, "y": -122.2597386, "name": "Top Dog 2", "cluster": 2, "weight": 5.0}, {"x": 37.8703067, "y": -122.2658652, "name": "Suya African Caribbean Grill", "cluster": 1, "weight": 4.5}, {"x": 37.87524, "y": -122.2598373, "name": "Gomnaru Restaurant", "cluster": 2, "weight": 4.5}, {"x": 37.8678328, "y": -122.2599315, "name": "Planet Kebob & Cafe", "cluster": 0, "weight": 4.5}, {"x": 37.8677205, "y": -122.2595445, "name": "Cheese 'N' Stuff", "cluster": 0, "weight": 4.5}, {"x": 37.8701999, "y": -122.266645, "name": "Alborz", "cluster": 1, "weight": 5.0}, {"x": 37.8702006, "y": -122.2659014, "name": "Cinnaholic", "cluster": 1, "weight": 4.5}, {"x": 37.8752481, "y": -122.2601606, "name": "Zach's Snacks", "cluster": 2, "weight": 4.5}, {"x": 37.8752015, "y": -122.2597581, "name": "T C Garden Restaurant", "cluster": 2, "weight": 4.0}, {"x": 37.8756137, "y": -122.2602704, "name": "The Pho Bar", "cluster": 2, "weight": 4.5}, {"x": 37.8751965, "y": -122.2598181, "name": "Aki Japanese Restaurant", "cluster": 2, "weight": 5.0}, {"x": 37.867417, "y": -122.260408, "name": "Cafe 3", "cluster": 0, "weight": 4.0}, {"x": 37.8680398922584, "y": -122.256618440151, "name": "Henry's", "cluster": 0, "weight": 5.0}]